order_id;order_date;customer_id
4d3e10d5-8bd5-4123-b319-7f942210b022;2024-05-11T22:40:35;brand sexy
4345bcd9-5b95-432c-abd4-0a3b29d6de8e;2024-05-12T03:45:04;drive Fresh
f1363a0f-15be-4365-8e54-8937aa77c3c9;2024-05-12T14:54:23;e-commerce Kentucky
e3a8f48f-da45-4da4-bedd-72816b031e7b;2024-05-12T07:27:30;Ball
87685bb0-e7a4-4176-8bc4-9223b30880bc;2024-05-11T19:23:26;SSL calculate
81777c47-e91e-446d-b82d-61aa0112100e;2024-05-12T05:42:51;Place Auto
b334f987-2889-4068-b198-15beabcfa20a;2024-05-11T23:08:10;viral
db1a8708-67fa-4472-867f-b5c325a40557;2024-05-12T04:34:14;Pre-emptive mindshare ivory
b4fab789-6585-4010-985d-6ea64988840c;2024-05-12T10:29:21;Computer Markets client-server
60203cc9-1c6c-4282-96c8-e1a854881d30;2024-05-11T17:48:22;Utah
